{"cameraMode":{"drawMode":0,"name":"Shaded","section":"Shading Mode"},"sceneLighting":false,"audioPlay":false,"sceneViewState":{"showFog":true,"showMaterialUpdate":false,"showSkybox":true,"showFlares":true,"showImageEffects":true,"showParticleSystems":true},"in2DMode":false,"pivot":{"x":12.325977325439454,"y":-2.9315598011016847,"z":-5.680032730102539},"rotation":{"x":0.2781088650226593,"y":0.47508054971694949,"z":-0.16130323708057404,"w":0.8191063404083252},"size":22.0,"orthographic":false}